country,iso3,who_region,continents,data_source,date_updated,total_vaccinations,persons_vaccinated_1plus_dose,total_vaccinations_per100,persons_vaccinated_1plus_dose_per100,persons_fully_vaccinated,persons_fully_vaccinated_per100,vaccines_used,first_vaccine_date,number_vaccines_types_used,persons_booster_add_dose,persons_booster_add_dose_per100
Algeria,DZA,AFRO,Africa,REPORTING,9/4/2022,15267442,7840131,34.817,17.879,6481186,14.78,"Beijing CNBG - BBIBP-CorV,Gamaleya - Gam-Covid-Vac,SII - Covishield,Sinovac - CoronaVac",1/30/2021,4,575651,1.313
Angola,AGO,AFRO,Africa,REPORTING,10/30/2022,22990789,14220830,69.953,43.269,7814121,23.776,SII - Covishield,3/10/2021,1,1127156,3.43
Benin,BEN,AFRO,Africa,REPORTING,11/6/2022,3694544,3209393,30.475,26.473,2692837,22.212,"AstraZeneca - Vaxzevria,Janssen - Ad26.COV 2-S,Pfizer BioNTech - Comirnaty,SII - Covishield,Sinovac - CoronaVac",3/29/2021,5,,
Botswana,BWA,AFRO,Africa,REPORTING,10/2/2022,2891400,1589621,122.953,67.597,1378230,58.608,"Bharat - Covaxin,Janssen - Ad26.COV 2-S,Moderna - Spikevax,Pfizer BioNTech - Comirnaty,SII - Covishield,Sinovac - CoronaVac",3/26/2021,6,466951,19.857
Burkina Faso,BFA,AFRO,Africa,REPORTING,10/2/2022,4070678,3079151,19.474,14.73,2658480,12.718,"Beijing CNBG - BBIBP-CorV,Janssen - Ad26.COV 2-S,SII - Covishield",6/2/2021,3,,
Burundi,BDI,AFRO,Africa,REPORTING,11/6/2022,26314,24384,0.221,0.205,23797,0.2,Beijing CNBG - BBIBP-CorV,10/18/2021,1,54,0
Cabo Verde,CPV,AFRO,Africa,REPORTING,9/25/2022,859940,356734,154.669,64.162,308720,55.526,"Beijing CNBG - BBIBP-CorV,Moderna - Spikevax,Pfizer BioNTech - Comirnaty,SII - Covishield",3/18/2021,4,749,0.135
Cameroon,CMR,AFRO,Africa,REPORTING,10/30/2022,1924807,1638561,7.251,6.173,1286179,4.845,"Beijing CNBG - BBIBP-CorV,Janssen - Ad26.COV 2-S,Pfizer BioNTech - Comirnaty,SII - Covishield",4/12/2021,4,65518,0.247
Central African Republic,CAF,AFRO,Africa,REPORTING,11/6/2022,1795660,1713735,37.179,35.483,1616845,33.477,"Bharat - Covaxin,SII - Covishield",3/19/2021,2,214090,4.433
Chad,TCD,AFRO,Africa,REPORTING,10/2/2022,3879297,3746216,23.617,22.807,3619014,22.032,Beijing CNBG - BBIBP-CorV,6/4/2021,1,,
Comoros,COM,AFRO,Africa,REPORTING,10/2/2022,835021,438825,96.023,50.463,397080,45.662,"Beijing CNBG - BBIBP-CorV,Bharat - Covaxin,SII - Covishield",4/10/2021,3,,
Congo,COG,AFRO,Africa,REPORTING,7/31/2022,833210,695760,15.1,12.609,654119,11.854,"Beijing CNBG - BBIBP-CorV,Gamaleya - Gam-Covid-Vac,Moderna - Spikevax,SII - Covishield",3/23/2021,4,,
Côte d’Ivoire,CIV,AFRO,Africa,REPORTING,10/23/2022,20588390,12681498,78.051,48.076,9215656,34.937,"Beijing CNBG - BBIBP-CorV,Gamaleya - Gam-Covid-Vac,Janssen - Ad26.COV 2-S,Pfizer BioNTech - Comirnaty,SII - Covishield",3/1/2021,5,1243021,4.712
Democratic Republic of the Congo,COD,AFRO,Africa,REPORTING,10/23/2022,6185534,6577469,6.906,7.344,5575771,6.226,SII - Covishield,4/19/2021,1,,
Equatorial Guinea,GNQ,AFRO,Africa,REPORTING,7/24/2022,488738,270109,34.836,19.252,214032,15.255,"Beijing CNBG - BBIBP-CorV,Sinovac - CoronaVac",2/12/2021,2,4597,0.328
Eritrea,ERI,AFRO,Africa,REPORTING,7/3/2022,,0,,0,0,0,,,,,
Eswatini,SWZ,AFRO,Africa,REPORTING,9/25/2022,773579,492300,66.678,42.434,490673,42.293,"Janssen - Ad26.COV 2-S,Pfizer BioNTech - Comirnaty,SII - Covishield",3/19/2021,3,147518,12.715
Ethiopia,ETH,AFRO,Africa,REPORTING,7/31/2022,52509414,43111242,45.675,37.5,36707357,31.93,"Beijing CNBG - BBIBP-CorV,Bharat - Covaxin,Janssen - Ad26.COV 2-S,SII - Covishield",3/13/2021,4,2421781,2.107
Gabon,GAB,AFRO,Africa,REPORTING,10/30/2022,569829,310842,25.602,13.966,257322,11.561,"Beijing CNBG - BBIBP-CorV,Gamaleya - Gam-Covid-Vac,Pfizer BioNTech - Comirnaty",3/23/2021,3,2586,0.116
Gambia,GMB,AFRO,Africa,REPORTING,11/6/2022,815861,548701,33.76,22.705,454249,18.796,"Beijing CNBG - BBIBP-CorV,SII - Covishield",3/10/2021,2,31118,1.288
Ghana,GHA,AFRO,Africa,REPORTING,10/30/2022,20359448,11837459,65.521,38.096,8758799,28.188,"Gamaleya - Gam-Covid-Vac,SII - Covishield",3/2/2021,2,2329799,7.498
Guinea,GIN,AFRO,Africa,REPORTING,11/6/2022,8349923,5809781,63.581,44.239,3176770,24.19,"Beijing CNBG - BBIBP-CorV,Gamaleya - Gam-Covid-Vac,Janssen - Ad26.COV 2-S,Pfizer BioNTech - Comirnaty,SII - Covishield,Sinovac - CoronaVac",3/5/2021,6,208537,1.588
Guinea-Bissau,GNB,AFRO,Africa,REPORTING,9/18/2022,673091,640393,34.202,32.54,404228,20.54,"Beijing CNBG - BBIBP-CorV,SII - Covishield",4/2/2021,2,745,0.038
Kenya,KEN,AFRO,Africa,REPORTING,10/30/2022,22457583,13969231,41.765,25.979,10564568,19.647,"Beijing CNBG - BBIBP-CorV,Janssen - Ad26.COV 2-S,Moderna - Spikevax,Pfizer BioNTech - Comirnaty,SII - Covishield",3/5/2021,5,1568659,2.917
Lesotho,LSO,AFRO,Africa,REPORTING,8/14/2022,1102069,1631364,51.444,76.152,872661,40.736,"Beijing CNBG - BBIBP-CorV,Janssen - Ad26.COV 2-S,SII - Covishield",3/10/2021,3,61789,2.884
Liberia,LBR,AFRO,Africa,REPORTING,11/6/2022,4264190,3748721,84.311,74.119,3596705,71.114,SII - Covishield,4/1/2021,1,1987,0.039
Madagascar,MDG,AFRO,Africa,REPORTING,11/6/2022,2128889,1821317,7.688,6.577,1750071,6.32,"Beijing CNBG - BBIBP-CorV,Janssen - Ad26.COV 2-S,SII - Covishield",5/10/2021,3,238771,0.862
Malawi,MWI,AFRO,Africa,REPORTING,11/6/2022,5752582,3827376,30.071,20.007,3019136,15.782,"Janssen - Ad26.COV 2-S,SII - Covishield",3/11/2021,2,206825,1.081
Mali,MLI,AFRO,Africa,REPORTING,11/6/2022,3691170,2677304,18.227,13.221,2159202,10.662,SII - Covishield,3/31/2021,1,,
Mauritania,MRT,AFRO,Africa,REPORTING,11/6/2022,3257690,2008905,70.063,43.205,1426769,30.685,"Beijing CNBG - BBIBP-CorV,SII - Covishield",3/26/2021,2,295856,6.363
Mauritius,MUS,AFRO,Africa,REPORTING,11/6/2022,2611122,1123773,205.314,88.363,1088142,85.561,"Beijing CNBG - BBIBP-CorV,Bharat - Covaxin,SII - Covishield",1/26/2021,3,638882,50.236
Mozambique,MOZ,AFRO,Africa,REPORTING,10/30/2022,19435780,18585783,62.184,59.464,13573329,43.427,"Beijing CNBG - BBIBP-CorV,Janssen - Ad26.COV 2-S,SII - Covishield",3/8/2021,3,730177,2.336
Namibia,NAM,AFRO,Africa,REPORTING,11/6/2022,964315,596624,37.952,23.481,519756,20.456,"Beijing CNBG - BBIBP-CorV,Janssen - Ad26.COV 2-S,Pfizer BioNTech - Comirnaty,SII - Covishield",3/19/2021,4,159381,6.273
Niger,NER,AFRO,Africa,REPORTING,10/30/2022,7042134,5935299,29.092,24.519,5176311,21.384,"Beijing CNBG - BBIBP-CorV,SII - Covishield",3/29/2021,2,,
Nigeria,NGA,AFRO,Africa,REPORTING,10/30/2022,87872150,60946631,42.627,29.566,48312871,23.437,SII - Covishield,3/5/2021,1,5626364,2.729
Rwanda,RWA,AFRO,Africa,REPORTING,11/6/2022,26106436,9933754,201.56,76.695,9279659,71.645,"Beijing CNBG - BBIBP-CorV,Gamaleya - Gam-Covid-Vac,Janssen - Ad26.COV 2-S,Moderna - Spikevax,Pfizer BioNTech - Comirnaty,SII - Covishield,Sinovac - CoronaVac",3/5/2021,7,5879013,45.39
Saint Helena,SHN,AFRO,Africa,OWID,5/5/2021,7892,4361,129.995,71.833,3531,58.162,AstraZeneca - AZD1222,,1,,
Sao Tome and Principe,STP,AFRO,Africa,REPORTING,11/6/2022,227603,127423,103.853,58.142,103569,47.257,"AstraZeneca - Vaxzevria,SII - Covishield",3/15/2021,2,32630,14.889
Senegal,SEN,AFRO,Africa,REPORTING,10/23/2022,2469499,1732282,14.749,10.346,1263032,7.543,"Beijing CNBG - BBIBP-CorV,Janssen - Ad26.COV 2-S,SII - Covishield",2/23/2021,3,591916,3.535
Seychelles,SYC,AFRO,Africa,REPORTING,11/6/2022,217820,85685,221.481,87.125,81536,82.906,"Beijing CNBG - BBIBP-CorV,Gamaleya - Gam-Covid-Vac,Julphar - Hayat-Vax,SII - Covishield",1/10/2021,4,43886,44.624
Sierra Leone,SLE,AFRO,Africa,REPORTING,11/6/2022,4956371,3593593,62.133,45.05,2817601,35.322,"Beijing CNBG - BBIBP-CorV,SII - Covishield",3/15/2021,2,76881,0.964
South Africa,ZAF,AFRO,Africa,REPORTING,11/6/2022,37834064,23847014,63.792,40.208,20919033,35.271,"Janssen - Ad26.COV 2-S,Pfizer BioNTech - Comirnaty",2/17/2021,2,3800096,6.407
South Sudan,SSD,AFRO,Africa,REPORTING,11/6/2022,2193424,2143134,19.595,19.146,2101283,18.772,"Janssen - Ad26.COV 2-S,SII - Covishield",4/6/2021,2,,
Togo,TGO,AFRO,Africa,REPORTING,10/30/2022,3381542,2232792,40.846,26.97,1451712,17.535,SII - Covishield,3/10/2021,1,138868,1.677
Uganda,UGA,AFRO,Africa,REPORTING,10/9/2022,25783131,18867075,56.368,41.248,12765601,27.908,"Janssen - Ad26.COV 2-S,Moderna - Spikevax,Pfizer BioNTech - Comirnaty,SII - Covishield,Sinovac - CoronaVac",3/10/2021,5,431349,0.943
United Republic of Tanzania,TZA,AFRO,Africa,REPORTING,11/6/2022,32893229,28204265,55.066,47.216,25798225,43.188,"Beijing CNBG - BBIBP-CorV,Janssen - Ad26.COV 2-S,Pfizer BioNTech - Comirnaty",7/28/2021,3,,
Zambia,ZMB,AFRO,Africa,REPORTING,10/30/2022,13055448,10611599,71.015,57.722,8143760,44.298,"Beijing CNBG - BBIBP-CorV,Janssen - Ad26.COV 2-S,SII - Covishield",4/14/2021,3,967569,5.263
Zimbabwe,ZWE,AFRO,Africa,REPORTING,10/16/2022,12622764,6542794,84.928,44.021,4902925,32.988,"Beijing CNBG - BBIBP-CorV,Bharat - Covaxin,Gamaleya - Gam-Covid-Vac,Sinovac - CoronaVac",2/18/2021,4,1177045,7.919
Egypt,EGY,EMRO,Africa,REPORTING,11/6/2022,100448725,53551563,98.157,52.33,39959950,39.048,"AstraZeneca - Vaxzevria,Beijing CNBG - BBIBP-CorV,Bharat - Covaxin,CanSino - Convidecia,Gamaleya - Gam-Covid-Vac,Gamaleya - Sputnik-Light,Janssen - Ad26.COV 2-S,Moderna - Spikevax,Pfizer BioNTech - Comirnaty,Sinovac - CoronaVac",1/24/2021,10,9630728,9.411
Libya,LBY,EMRO,Africa,REPORTING,10/2/2022,3716080,2308724,54.081,33.6,1229888,17.899,"AstraZeneca - Vaxzevria,Beijing CNBG - BBIBP-CorV,Bharat - Covaxin,CanSino - Convidecia,Gamaleya - Gam-Covid-Vac,Gamaleya - Sputnik-Light,Janssen - Ad26.COV 2-S,Moderna - Spikevax,Pfizer BioNTech - Comirnaty,Sinovac - CoronaVac",4/11/2021,10,177468,2.583
Morocco,MAR,EMRO,Africa,REPORTING,11/8/2022,55323868,25010745,149.886,67.76,23509764,63.694,"AstraZeneca - Vaxzevria,Beijing CNBG - BBIBP-CorV,Bharat - Covaxin,CanSino - Convidecia,Gamaleya - Gam-Covid-Vac,Gamaleya - Sputnik-Light,Janssen - Ad26.COV 2-S,Moderna - Spikevax,Pfizer BioNTech - Comirnaty,Sinovac - CoronaVac",1/28/2021,10,6901072,18.697
Sudan,SDN,EMRO,Africa,REPORTING,5/30/2022,8179010,6651268,18.653,15.168,4536964,10.347,"AstraZeneca - Vaxzevria,Beijing CNBG - BBIBP-CorV,Bharat - Covaxin,CanSino - Convidecia,Gamaleya - Gam-Covid-Vac,Gamaleya - Sputnik-Light,Janssen - Ad26.COV 2-S,Moderna - Spikevax,Pfizer BioNTech - Comirnaty,SII - Covishield,Sinovac - CoronaVac",3/9/2021,11,50234,0.115
Tunisia,TUN,EMRO,Africa,REPORTING,11/8/2022,13155275,7210222,111.31,61.007,6384938,54.024,"AstraZeneca - Vaxzevria,Beijing CNBG - BBIBP-CorV,Bharat - Covaxin,CanSino - Convidecia,Gamaleya - Gam-Covid-Vac,Gamaleya - Sputnik-Light,Janssen - Ad26.COV 2-S,Moderna - Spikevax,Pfizer BioNTech - Comirnaty,Sinovac - CoronaVac",3/13/2021,10,1251293,10.587
Yemen,YEM,EMRO,Africa,REPORTING,11/8/2022,1149321,917435,3.853,3.076,678732,2.276,"AstraZeneca - Vaxzevria,Beijing CNBG - BBIBP-CorV,Bharat - Covaxin,CanSino - Convidecia,Gamaleya - Gam-Covid-Vac,Gamaleya - Sputnik-Light,Janssen - Ad26.COV 2-S,Moderna - Spikevax,Pfizer BioNTech - Comirnaty,SII - Covishield,Sinovac - CoronaVac",4/20/2021,11,55725,0.187
Anguilla,AIA,AMRO,America,REPORTING,11/4/2022,24434,10852,162.872,72.337,10366,69.097,"AstraZeneca - Vaxzevria,Pfizer BioNTech - Comirnaty",2/5/2021,2,2998,19.984
Antigua and Barbuda,ATG,AMRO,America,REPORTING,11/4/2022,136512,64290,139.399,65.65,62384,63.703,"AstraZeneca - Vaxzevria,Beijing CNBG - BBIBP-CorV,Gamaleya - Gam-Covid-Vac,Janssen - Ad26.COV 2-S,Pfizer BioNTech - Comirnaty,SII - Covishield",3/1/2021,6,9838,10.046
Argentina,ARG,AMRO,America,REPORTING,10/7/2022,109652736,41324100,242.617,91.434,37840119,83.725,"AstraZeneca - Vaxzevria,Beijing CNBG - BBIBP-CorV,CanSino - Convidecia,Gamaleya - Gam-Covid-Vac,Moderna - Spikevax,Pfizer BioNTech - Comirnaty,SII - Covishield",12/29/2020,7,30810184,68.17
Aruba,ABW,AMRO,America,REPORTING,11/4/2022,173780,89984,162.767,84.282,83796,78.486,"Janssen - Ad26.COV 2-S,Pfizer BioNTech - Comirnaty",2/17/2021,2,,
Bahamas,BHS,AMRO,America,REPORTING,11/4/2022,362968,173529,92.301,44.128,165317,42.039,"AstraZeneca - Vaxzevria,Janssen - Ad26.COV 2-S,Pfizer BioNTech - Comirnaty,SII - Covishield",3/14/2021,4,32960,8.382
Barbados,BRB,AMRO,America,REPORTING,11/4/2022,380826,163749,132.519,56.981,154907,53.904,"AstraZeneca - Vaxzevria,Beijing CNBG - BBIBP-CorV,Janssen - Ad26.COV 2-S,Pfizer BioNTech - Comirnaty,SII - Covishield",1/8/2021,5,62170,21.634
Belize,BLZ,AMRO,America,REPORTING,11/4/2022,501343,251377,126.083,63.219,220802,55.53,"AstraZeneca - Vaxzevria,Beijing CNBG - BBIBP-CorV,Janssen - Ad26.COV 2-S,Pfizer BioNTech - Comirnaty,SII - Covishield",3/1/2021,5,51020,12.831
Bermuda,BMU,AMRO,America,REPORTING,11/4/2022,132042,48554,212.037,77.97,47657,76.529,"AstraZeneca - Vaxzevria,Pfizer BioNTech - Comirnaty",1/11/2021,2,31829,51.112
Bolivia (Plurinational State of),BOL,AMRO,America,REPORTING,11/4/2022,15457442,7417827,132.42,63.547,6224533,53.324,"AstraZeneca - Vaxzevria,Beijing CNBG - BBIBP-CorV,Gamaleya - Gam-Covid-Vac,Janssen - Ad26.COV 2-S,Moderna - Spikevax,Pfizer BioNTech - Comirnaty,SII - Covishield",1/30/2021,7,2305955,19.755
Bonaire,XAA,AMRO,America,REPORTING,11/4/2022,41537,17460,198.599,83.481,15919,76.113,,,,8158,39.005
"Bonaire, Sint Eustatius and Saba",BES,AMRO,America,OWID,9/1/2021,35845,19109,137.934,73.533,16736,64.401,"Moderna - mRNA-1273, Pfizer BioNTech - Comirnaty",,2,,
Brazil,BRA,AMRO,America,REPORTING,11/4/2022,488138122,185108631,229.648,87.086,167715904,78.903,"AstraZeneca - Vaxzevria,Janssen - Ad26.COV 2-S,Pfizer BioNTech - Comirnaty,SII - Covishield,Sinovac - CoronaVac",1/17/2021,5,104869140,49.336
British Virgin Islands,VGB,AMRO,America,REPORTING,11/4/2022,41453,19466,137.094,64.378,18261,60.393,"AstraZeneca - Vaxzevria,Janssen - Ad26.COV 2-S",2/11/2021,2,3726,12.323
Canada,CAN,AMRO,America,REPORTING,11/4/2022,90718041,32520944,240.363,86.166,31176901,82.605,"AstraZeneca - Vaxzevria,Janssen - Ad26.COV 2-S,Moderna - Spikevax,Pfizer BioNTech - Comirnaty,SII - Covishield",12/14/2020,5,19402271,51.407
Cayman Islands,CYM,AMRO,America,REPORTING,11/4/2022,149153,61787,226.952,94.016,60341,91.815,Pfizer BioNTech - Comirnaty,1/15/2021,1,24307,36.986
Chile,CHL,AMRO,America,REPORTING,11/4/2022,62505509,18075815,326.977,94.558,17687635,92.527,"AstraZeneca - Vaxzevria,CanSino - Convidecia,Moderna - Spikevax,Pfizer BioNTech - Comirnaty,Sinovac - CoronaVac",12/21/2020,5,15684593,82.049
Colombia,COL,AMRO,America,REPORTING,11/4/2022,89310214,42842898,175.521,84.199,36784255,72.292,"AstraZeneca - Vaxzevria,Janssen - Ad26.COV 2-S,Moderna - Spikevax,Pfizer BioNTech - Comirnaty,Sinovac - CoronaVac",2/17/2021,5,14341000,28.184
Costa Rica,CRI,AMRO,America,REPORTING,11/4/2022,12169521,4500155,238.894,88.34,4219797,82.837,"AstraZeneca - Vaxzevria,Moderna - Spikevax,Pfizer BioNTech - Comirnaty",12/24/2020,3,2639586,51.816
Cuba,CUB,AMRO,America,REPORTING,11/4/2022,37920703,10711178,334.793,94.566,9998618,88.275,"CIGB - CIGB-66,Finlay - Soberana Plus,Finlay - Soberana-02",,3,8635191,76.238
Curaçao,CUW,AMRO,America,REPORTING,11/4/2022,255535,108568,155.726,66.162,99930,60.898,"AstraZeneca - Vaxzevria,Moderna - Spikevax,Pfizer BioNTech - Comirnaty",2/24/2021,3,47037,28.665
Dominica,DMA,AMRO,America,REPORTING,11/4/2022,67647,32995,93.966,45.832,30659,42.587,"AstraZeneca - Vaxzevria,Beijing CNBG - BBIBP-CorV,Moderna - Spikevax,Pfizer BioNTech - Comirnaty,SII - Covishield",2/12/2021,5,3993,5.547
Dominican Republic,DOM,AMRO,America,REPORTING,11/4/2022,15836920,7290937,145.991,67.211,6058540,55.85,"AstraZeneca - Vaxzevria,SII - Covishield,Sinovac - CoronaVac",2/16/2021,3,2487443,22.93
Ecuador,ECU,AMRO,America,REPORTING,11/4/2022,38581075,15284712,218.676,86.633,14169117,80.31,"AstraZeneca - Vaxzevria,CanSino - Convidecia,Pfizer BioNTech - Comirnaty,Sinovac - CoronaVac",1/20/2021,4,7399558,41.94
El Salvador,SLV,AMRO,America,REPORTING,11/4/2022,11250496,4634978,173.453,71.459,4329694,66.752,"AstraZeneca - Vaxzevria,Beijing CNBG - BBIBP-CorV,Moderna - Spikevax,Pfizer BioNTech - Comirnaty,SII - Covishield,Sinovac - CoronaVac",2/17/2021,6,1847442,28.483
Falkland Islands (Malvinas),FLK,AMRO,America,REPORTING,6/21/2022,9390,3220,269.595,92.449,2976,85.444,AstraZeneca - AZD1222,,1,2543,73.012
French Guiana,GUF,AMRO,America,REPORTING,11/4/2022,236787,99209,79.277,33.216,89699,30.032,"Moderna - Spikevax,Pfizer BioNTech - Comirnaty",1/13/2021,2,45507,15.236
Grenada,GRD,AMRO,America,REPORTING,11/4/2022,90457,44163,80.39,39.248,38958,34.622,"AstraZeneca - Vaxzevria,Janssen - Ad26.COV 2-S,Moderna - Spikevax,Pfizer BioNTech - Comirnaty,SII - Covishield",2/15/2021,5,7336,6.52
Guadeloupe,GLP,AMRO,America,REPORTING,11/4/2022,389466,150711,97.336,37.666,144824,36.195,"AstraZeneca - Vaxzevria,Janssen - Ad26.COV 2-S,Moderna - Spikevax,Novavax-NUVAXOVID,Pfizer BioNTech - Comirnaty",1/8/2021,7,87697,21.917
Guatemala,GTM,AMRO,America,REPORTING,11/4/2022,19877864,8839803,110.953,49.341,6989305,39.012,"AstraZeneca - Vaxzevria,Gamaleya - Gam-Covid-Vac,Moderna - Spikevax,Pfizer BioNTech - Comirnaty,SII - Covishield",2/25/2021,5,3569720,19.925
Guyana,GUY,AMRO,America,REPORTING,11/4/2022,951690,492773,120.995,62.65,379432,48.24,"AstraZeneca - Vaxzevria,Beijing CNBG - BBIBP-CorV,Gamaleya - Gam-Covid-Vac,Janssen - Ad26.COV 2-S,Moderna - Spikevax,Pfizer BioNTech - Comirnaty,SII - Covishield",2/11/2021,7,75496,9.598
Haiti,HTI,AMRO,America,REPORTING,11/4/2022,509500,397765,4.468,3.488,236678,2.076,"Janssen - Ad26.COV 2-S,Moderna - Spikevax",,2,,
Honduras,HND,AMRO,America,REPORTING,11/4/2022,16430114,6406980,165.884,64.687,5704735,57.597,"AstraZeneca - Vaxzevria,Gamaleya - Gam-Covid-Vac,Janssen - Ad26.COV 2-S,Moderna - Spikevax,Pfizer BioNTech - Comirnaty,SII - Covishield",2/22/2021,6,4318774,43.604
Jamaica,JAM,AMRO,America,REPORTING,11/4/2022,1493518,834720,50.437,28.189,734016,24.788,"AstraZeneca - Vaxzevria,Beijing CNBG - BBIBP-CorV,Janssen - Ad26.COV 2-S,Pfizer BioNTech - Comirnaty,SII - Covishield",3/10/2021,5,44819,1.514
Martinique,MTQ,AMRO,America,REPORTING,11/4/2022,393541,150029,104.87,39.979,144833,38.595,Pfizer BioNTech - Comirnaty,,1,92065,24.533
Mexico,MEX,AMRO,America,REPORTING,11/4/2022,223158993,97179493,173.082,75.372,81849962,63.483,"AstraZeneca - Vaxzevria,CanSino - Convidecia,Gamaleya - Gam-Covid-Vac,Janssen - Ad26.COV 2-S,Moderna - Spikevax,Pfizer BioNTech - Comirnaty,Sinovac - CoronaVac",12/24/2020,7,57014052,44.22
Montserrat,MSR,AMRO,America,REPORTING,11/4/2022,4564,2104,91.298,42.088,1950,39.008,AstraZeneca - Vaxzevria,2/8/2021,1,510,10.202
Nicaragua,NIC,AMRO,America,REPORTING,11/4/2022,11930746,6110984,180.099,92.247,5819762,87.851,"AstraZeneca - Vaxzevria,CIGB - CIGB-66,Finlay - Soberana Plus,Finlay - Soberana-02,Gamaleya - Gam-Covid-Vac,Gamaleya - Sputnik-Light,Janssen - Ad26.COV 2-S,Pfizer BioNTech - Comirnaty,SII - Covishield",3/3/2021,9,,
Panama,PAN,AMRO,America,REPORTING,11/4/2022,8671222,3513104,200.966,81.42,3159050,73.215,"AstraZeneca - Vaxzevria,Pfizer BioNTech - Comirnaty",1/20/2021,2,1747248,40.495
Paraguay,PRY,AMRO,America,REPORTING,11/4/2022,9419313,3967215,132.061,55.621,3518399,49.329,"AstraZeneca - Vaxzevria,Beijing CNBG - BBIBP-CorV,Bharat - Covaxin,Gamaleya - Gam-Covid-Vac,Julphar - Hayat-Vax,Moderna - Spikevax,Pfizer BioNTech - Comirnaty,Sinovac - CoronaVac",2/22/2021,8,1617513,22.678
Peru,PER,AMRO,America,REPORTING,11/4/2022,85118570,29915510,258.155,90.73,28290893,85.803,"AstraZeneca - Vaxzevria,Beijing CNBG - BBIBP-CorV,Moderna - Spikevax,Pfizer BioNTech - Comirnaty",2/9/2021,4,21424824,64.979
Puerto Rico,PRI,AMRO,America,REPORTING,11/4/2022,7837333,3122711,273.951,109.153,2754578,96.285,"Janssen - Ad26.COV 2-S,Moderna - Spikevax,Novavax-NUVAXOVID,Pfizer BioNTech - Comirnaty",,4,1732627,60.563
Saba,XCA,AMRO,America,REPORTING,11/4/2022,4471,1687,231.298,87.274,1657,85.722,,,,1127,58.303
Saint Kitts and Nevis,KNA,AMRO,America,REPORTING,11/4/2022,64225,33794,120.742,63.532,26944,50.654,"AstraZeneca - Vaxzevria,Pfizer BioNTech - Comirnaty,SII - Covishield",2/22/2021,3,3465,6.514
Saint Lucia,LCA,AMRO,America,REPORTING,11/4/2022,122977,60140,66.971,32.751,54971,29.936,"AstraZeneca - Vaxzevria,Janssen - Ad26.COV 2-S,Moderna - Spikevax,Pfizer BioNTech - Comirnaty,SII - Covishield",2/17/2021,5,7866,4.284
Saint Vincent and the Grenadines,VCT,AMRO,America,REPORTING,11/4/2022,72941,37311,65.748,33.632,31433,28.333,"AstraZeneca - Vaxzevria,Gamaleya - Gam-Covid-Vac,Gamaleya - Sputnik-Light,Pfizer BioNTech - Comirnaty,SII - Covishield",2/1/2021,5,4197,3.783
Sint Eustatius,XBA,AMRO,America,REPORTING,11/4/2022,4257,1791,135.616,57.056,1686,53.711,,,,780,24.849
Sint Maarten,SXM,AMRO,America,REPORTING,11/4/2022,65515,29788,152.78,69.465,26658,62.166,"AstraZeneca - Vaxzevria,Moderna - Spikevax,Pfizer BioNTech - Comirnaty",2/22/2021,3,9069,21.149
Suriname,SUR,AMRO,America,REPORTING,11/4/2022,554588,267820,94.538,45.654,237879,40.55,"AstraZeneca - Vaxzevria,Beijing CNBG - BBIBP-CorV,Moderna - Spikevax,Pfizer BioNTech - Comirnaty,SII - Covishield",2/23/2021,5,48889,8.334
Trinidad and Tobago,TTO,AMRO,America,REPORTING,11/4/2022,1582147,753588,113.052,53.847,717678,51.281,"AstraZeneca - Vaxzevria,Beijing CNBG - BBIBP-CorV,Janssen - Ad26.COV 2-S,Pfizer BioNTech - Comirnaty,SII - Covishield",2/17/2021,5,169088,12.082
Turks and Caicos Islands,TCA,AMRO,America,REPORTING,11/4/2022,72837,32338,188.122,83.522,30288,78.227,Pfizer BioNTech - Comirnaty,1/11/2021,1,7272,18.782
United States of America,USA,AMRO,America,REPORTING,11/4/2022,633076067,263279200,191.26,79.54,224623175,67.861,"Janssen - Ad26.COV 2-S,Moderna - Spikevax,Novavax-NUVAXOVID,Pfizer BioNTech - Comirnaty",12/14/2020,4,110746201,33.458
Uruguay,URY,AMRO,America,REPORTING,11/4/2022,8744995,3002011,251.747,86.42,2894201,83.317,"AstraZeneca - Vaxzevria,Pfizer BioNTech - Comirnaty,Sinovac - CoronaVac",2/27/2021,3,2064551,59.433
Venezuela (Bolivarian Republic of),VEN,AMRO,America,REPORTING,11/4/2022,37860994,22157232,133.145,77.92,14287370,50.244,"Beijing CNBG - BBIBP-CorV,CIGB - CIGB-66,Finlay - Soberana-02,Gamaleya - Gam-Covid-Vac,Gamaleya - Sputnik-Light,Sinovac - CoronaVac",2/22/2021,6,651502,2.291
American Samoa,ASM,WPRO,America,REPORTING,8/23/2022,111316,44885,201.67,81.318,41423,75.046,"Janssen - Ad26.COV 2-S,Moderna - Spikevax,Pfizer BioNTech - Comirnaty",12/21/2020,3,24160,43.77
Afghanistan,AFG,EMRO,Asian,REPORTING,11/8/2022,12174141,11196779,31.273,28.763,10489783,26.946,"AstraZeneca - Vaxzevria,Beijing CNBG - BBIBP-CorV,Bharat - Covaxin,CanSino - Convidecia,Gamaleya - Gam-Covid-Vac,Gamaleya - Sputnik-Light,Janssen - Ad26.COV 2-S,Moderna - Spikevax,Pfizer BioNTech - Comirnaty,SII - Covishield,Sinovac - CoronaVac",2/22/2021,11,,
Bahrain,BHR,EMRO,Asian,REPORTING,11/8/2022,3474412,1240952,204.188,72.93,1226493,72.08,"AstraZeneca - Vaxzevria,Beijing CNBG - BBIBP-CorV,Bharat - Covaxin,CanSino - Convidecia,Gamaleya - Gam-Covid-Vac,Gamaleya - Sputnik-Light,Janssen - Ad26.COV 2-S,Moderna - Spikevax,Pfizer BioNTech - Comirnaty,SII - Covishield,Sinovac - CoronaVac",11/4/2020,11,1006967,59.179
Djibouti,DJI,EMRO,Asian,REPORTING,11/6/2022,292103,271480,29.565,27.478,251112,25.416,"AstraZeneca - Vaxzevria,Beijing CNBG - BBIBP-CorV,Bharat - Covaxin,CanSino - Convidecia,Gamaleya - Gam-Covid-Vac,Gamaleya - Sputnik-Light,Janssen - Ad26.COV 2-S,Moderna - Spikevax,Pfizer BioNTech - Comirnaty,SII - Covishield,Sinovac - CoronaVac",3/15/2021,11,,
Iran (Islamic Republic of),IRN,EMRO,Asian,REPORTING,11/6/2022,154521421,65070315,183.97,77.471,58472263,69.616,"AstraZeneca - Vaxzevria,Beijing CNBG - BBIBP-CorV,Bharat - Covaxin,CanSino - Convidecia,Finlay - Soberana-02,Gamaleya - Gam-Covid-Vac,Gamaleya - Sputnik-Light,Janssen - Ad26.COV 2-S,Moderna - Spikevax,Pfizer BioNTech - Comirnaty,Shifa - COVIran Barakat,Sinovac - CoronaVac",2/9/2021,12,30978843,36.883
Iraq,IRQ,EMRO,Asian,REPORTING,11/7/2022,19444970,11265168,48.344,28.007,7914345,19.676,"AstraZeneca - Vaxzevria,Beijing CNBG - BBIBP-CorV,Bharat - Covaxin,CanSino - Convidecia,Gamaleya - Gam-Covid-Vac,Gamaleya - Sputnik-Light,Janssen - Ad26.COV 2-S,Moderna - Spikevax,Pfizer BioNTech - Comirnaty,Sinovac - CoronaVac",3/2/2021,10,265457,0.66
Jordan,JOR,EMRO,Asian,REPORTING,8/21/2022,10057975,4821579,98.577,47.256,4558313,44.676,"AstraZeneca - Vaxzevria,Beijing CNBG - BBIBP-CorV,Bharat - Covaxin,CanSino - Convidecia,Gamaleya - Gam-Covid-Vac,Gamaleya - Sputnik-Light,Janssen - Ad26.COV 2-S,Moderna - Spikevax,Pfizer BioNTech - Comirnaty,Sinovac - CoronaVac",1/13/2021,10,682211,6.686
Kuwait,KWT,EMRO,Asian,REPORTING,11/8/2022,8240035,3450995,192.949,80.809,3340860,78.23,"AstraZeneca - Vaxzevria,Beijing CNBG - BBIBP-CorV,Bharat - Covaxin,CanSino - Convidecia,Gamaleya - Gam-Covid-Vac,Gamaleya - Sputnik-Light,Janssen - Ad26.COV 2-S,Moderna - Spikevax,Pfizer BioNTech - Comirnaty,Sinovac - CoronaVac",12/28/2020,10,1448180,33.911
Lebanon,LBN,EMRO,Asian,REPORTING,10/20/2022,5797147,2733290,84.934,40.046,2408849,35.292,"AstraZeneca - Vaxzevria,Beijing CNBG - BBIBP-CorV,Bharat - Covaxin,CanSino - Convidecia,Gamaleya - Gam-Covid-Vac,Gamaleya - Sputnik-Light,Janssen - Ad26.COV 2-S,Moderna - Spikevax,Pfizer BioNTech - Comirnaty,Sinovac - CoronaVac",2/14/2021,10,655008,9.597
occupied Palestinian territory,PSE,EMRO,Asian,REPORTING,10/18/2022,3748571,2012767,73.481,39.455,1776973,34.833,"AstraZeneca - Vaxzevria,Beijing CNBG - BBIBP-CorV,Bharat - Covaxin,CanSino - Convidecia,Gamaleya - Gam-Covid-Vac,Gamaleya - Sputnik-Light,Janssen - Ad26.COV 2-S,Moderna - Spikevax,Pfizer BioNTech - Comirnaty,Sinovac - CoronaVac",2/2/2021,10,336967,6.605
Oman,OMN,EMRO,Asian,REPORTING,10/25/2022,7086050,3257365,138.762,63.787,3048826,59.703,"AstraZeneca - Vaxzevria,Beijing CNBG - BBIBP-CorV,Bharat - Covaxin,CanSino - Convidecia,Gamaleya - Gam-Covid-Vac,Gamaleya - Sputnik-Light,Janssen - Ad26.COV 2-S,Moderna - Spikevax,Pfizer BioNTech - Comirnaty,SII - Covishield,Sinovac - CoronaVac",12/29/2020,11,779859,15.272
Pakistan,PAK,EMRO,Asian,REPORTING,10/31/2022,314087995,154441360,142.191,69.917,131262342,59.424,"AstraZeneca - Vaxzevria,Beijing CNBG - BBIBP-CorV,Bharat - Covaxin,CanSino - Convidecia,Gamaleya - Gam-Covid-Vac,Gamaleya - Sputnik-Light,Janssen - Ad26.COV 2-S,Moderna - Spikevax,Pfizer BioNTech - Comirnaty,SII - Covishield,Sinovac - CoronaVac",2/3/2021,11,46226871,20.927
Qatar,QAT,EMRO,Asian,REPORTING,11/8/2022,7594620,2848221,263.606,98.86,2848220,98.86,"AstraZeneca - Vaxzevria,Beijing CNBG - BBIBP-CorV,Bharat - Covaxin,CanSino - Convidecia,Gamaleya - Gam-Covid-Vac,Gamaleya - Sputnik-Light,Janssen - Ad26.COV 2-S,Moderna - Spikevax,Pfizer BioNTech - Comirnaty,Sinovac - CoronaVac",,10,1898179,65.885
Saudi Arabia,SAU,EMRO,Asian,REPORTING,10/27/2022,67979420,26918732,195.265,77.322,25320917,72.732,"AstraZeneca - Vaxzevria,Beijing CNBG - BBIBP-CorV,Bharat - Covaxin,CanSino - Convidecia,Gamaleya - Gam-Covid-Vac,Gamaleya - Sputnik-Light,Janssen - Ad26.COV 2-S,Moderna - Spikevax,Pfizer BioNTech - Comirnaty,Sinovac - CoronaVac",1/6/2021,10,15739771,45.211
Somalia,SOM,EMRO,Asian,REPORTING,10/30/2022,8132773,7137557,51.171,44.909,5936922,37.355,"AstraZeneca - Vaxzevria,Beijing CNBG - BBIBP-CorV,Bharat - Covaxin,CanSino - Convidecia,Gamaleya - Gam-Covid-Vac,Gamaleya - Sputnik-Light,Janssen - Ad26.COV 2-S,Moderna - Spikevax,Pfizer BioNTech - Comirnaty,SII - Covishield,Sinovac - CoronaVac",3/16/2021,11,,
Syrian Arab Republic,SYR,EMRO,Asian,REPORTING,10/16/2022,4777586,3050850,27.299,17.433,2105113,12.029,"AstraZeneca - Vaxzevria,Beijing CNBG - BBIBP-CorV,Bharat - Covaxin,CanSino - Convidecia,Gamaleya - Gam-Covid-Vac,Gamaleya - Sputnik-Light,Janssen - Ad26.COV 2-S,Moderna - Spikevax,Pfizer BioNTech - Comirnaty,SII - Covishield,Sinovac - CoronaVac",4/1/2021,11,75881,0.434
United Arab Emirates,ARE,EMRO,Asian,REPORTING,7/6/2022,24922054,9991089,251.982,101.018,9792266,99.008,"AstraZeneca - Vaxzevria,Beijing CNBG - BBIBP-CorV,Bharat - Covaxin,CanSino - Convidecia,Gamaleya - Gam-Covid-Vac,Gamaleya - Sputnik-Light,Janssen - Ad26.COV 2-S,Moderna - Spikevax,Pfizer BioNTech - Comirnaty,SII - Covishield,Sinovac - CoronaVac",,11,5138699,51.956
Bangladesh,BGD,SEARO,Asian,REPORTING,11/8/2022,325546619,143031352,197.673,86.849,124306190,75.479,"AstraZeneca - Vaxzevria,Beijing CNBG - BBIBP-CorV,Gamaleya - Gam-Covid-Vac,Janssen - Ad26.COV 2-S,Moderna - Spikevax,Pfizer BioNTech - Comirnaty,SII - Covishield,Sinovac - CoronaVac",1/27/2021,8,58209077,35.345
Bhutan,BTN,SEARO,Asian,REPORTING,10/30/2022,2011426,699116,260.68,90.605,677669,87.826,"AstraZeneca - Vaxzevria,Beijing CNBG - BBIBP-CorV,Moderna - Spikevax,Pfizer BioNTech - Comirnaty,SII - Covishield",3/27/2021,5,634641,82.249
India,IND,SEARO,Asian,REPORTING,11/9/2022,2197618105,1026932635,159.247,74.415,950363276,68.867,"Bharat - Covaxin,Biological E - Corbevax,Gamaleya - Gam-Covid-Vac,Janssen - Ad26.COV 2-S,Moderna - Spikevax,SII - Covishield,SII - Covovax,Zydus - ZyCov-D",1/16/2021,8,220322194,15.965
Indonesia,IDN,SEARO,Asian,REPORTING,11/8/2022,440232913,204349928,160.949,74.71,171068403,62.542,"AstraZeneca - Vaxzevria,Beijing CNBG - BBIBP-CorV,Janssen - Ad26.COV 2-S,Moderna - Spikevax,Novavax-NUVAXOVID,Pfizer BioNTech - Comirnaty,Sinovac - CoronaVac",1/13/2021,7,64814582,23.696
Maldives,MDV,SEARO,Asian,REPORTING,10/17/2022,951199,399126,175.971,73.838,385014,71.227,"AstraZeneca - Vaxzevria,Beijing CNBG - BBIBP-CorV,Gamaleya - Gam-Covid-Vac,Janssen - Ad26.COV 2-S,Moderna - Spikevax,Pfizer BioNTech - Comirnaty,SII - Covishield,Sinovac - CoronaVac",2/1/2021,8,167059,30.906
Myanmar,MMR,SEARO,Asian,REPORTING,6/18/2022,64549994,34777314,118.637,63.917,27545329,50.626,"Beijing CNBG - BBIBP-CorV,SII - Covishield",1/27/2021,2,2227351,4.094
Nepal,NPL,SEARO,Asian,REPORTING,11/8/2022,59431338,27316278,203.973,93.752,23616893,81.055,"AstraZeneca - Vaxzevria,Beijing CNBG - BBIBP-CorV,Bharat - Covaxin,Gamaleya - Gam-Covid-Vac,Janssen - Ad26.COV 2-S,Moderna - Spikevax,Pfizer BioNTech - Comirnaty,SII - Covishield",1/27/2021,8,8498167,29.166
Sri Lanka,LKA,SEARO,Asian,REPORTING,10/30/2022,40116590,17143761,187.345,80.061,14752827,68.896,"AstraZeneca - Vaxzevria,Beijing CNBG - BBIBP-CorV,Gamaleya - Gam-Covid-Vac,Moderna - Spikevax,Pfizer BioNTech - Comirnaty,SII - Covishield",1/29/2021,6,8220002,38.387
Thailand,THA,SEARO,Asian,REPORTING,9/30/2022,142635014,57005497,204.348,81.67,53486086,76.628,"AstraZeneca - Vaxzevria,Beijing CNBG - BBIBP-CorV,Janssen - Ad26.COV 2-S,Moderna - Spikevax,Pfizer BioNTech - Comirnaty,SII - Covishield,SII - Covovax,Sinovac - CoronaVac",2/28/2021,8,32143431,46.051
Timor-Leste,TLS,SEARO,Asian,REPORTING,11/7/2022,1867179,860974,141.62,65.302,761329,57.744,"AstraZeneca - Vaxzevria,Pfizer BioNTech - Comirnaty,SII - Covishield,Sinovac - CoronaVac",4/7/2021,4,244876,18.573
Brunei Darussalam,BRN,WPRO,Asian,REPORTING,10/28/2022,1280291,450174,292.652,102.902,445661,101.87,"AstraZeneca - Vaxzevria,Beijing CNBG - BBIBP-CorV,Janssen - Ad26.COV 2-S,Moderna - Spikevax,Pfizer BioNTech - Comirnaty",4/3/2021,5,338055,77.273
Cambodia,KHM,WPRO,Asian,REPORTING,10/28/2022,44617534,15215773,266.868,91.009,14576435,87.185,"AstraZeneca - Vaxzevria,Beijing CNBG - BBIBP-CorV,Janssen - Ad26.COV 2-S,Moderna - Spikevax,Pfizer BioNTech - Comirnaty,SII - Covishield,Sinovac - CoronaVac",2/10/2021,7,10298823,61.6
China,CHN,WPRO,Asian,REPORTING,10/2/2022,3457953632,1307474015,235.029,88.866,1277277509,86.814,"Anhui ZL - Zifivax,Beijing CNBG - BBIBP-CorV,CanSino - Convidecia,IMB - Covidful,Pfizer BioNTech - Comirnaty,Shenzhen - LV-SMENP-DC,Sinovac - CoronaVac,Wuhan CNBG - Inactivated",7/22/2020,8,776425498,52.772
Cook Islands,COK,WPRO,Asian,REPORTING,5/10/2022,39612,15020,225.529,85.516,14676,83.557,Pfizer BioNTech - Comirnaty,5/17/2021,1,9916,56.456
Fiji,FJI,WPRO,Asian,REPORTING,9/29/2022,1542401,710182,172.058,79.222,638724,71.251,"AstraZeneca - Vaxzevria,Moderna - Spikevax,SII - Covishield",3/7/2021,3,166760,18.602
French Polynesia,PYF,WPRO,Asian,REPORTING,8/29/2022,496275,190658,176.668,67.872,185669,66.096,"Janssen - Ad26.COV 2-S,Pfizer BioNTech - Comirnaty",1/18/2021,2,111840,39.814
Guam,GUM,WPRO,Asian,REPORTING,8/23/2022,368088,155225,218.094,91.972,141014,83.551,"Janssen - Ad26.COV 2-S,Moderna - Spikevax,Pfizer BioNTech - Comirnaty",1/4/2021,3,72131,42.738
Japan,JPN,WPRO,Asian,REPORTING,10/4/2022,324593506,104222723,256.643,82.405,102856921,81.325,"AstraZeneca - Vaxzevria,Moderna - Spikevax,Novavax-NUVAXOVID,Pfizer BioNTech - Comirnaty",2/17/2021,4,82433822,65.177
Kiribati,KIR,WPRO,Asian,REPORTING,9/26/2022,182923,93685,153.139,78.431,70464,58.991,"AstraZeneca - Vaxzevria,Beijing CNBG - BBIBP-CorV",5/26/2021,2,18774,15.717
Lao People's Democratic Republic,LAO,WPRO,Asian,REPORTING,9/30/2022,12388167,5939256,170.271,81.633,5293537,72.758,"AstraZeneca - Vaxzevria,Beijing CNBG - BBIBP-CorV,Gamaleya - Gam-Covid-Vac,Gamaleya - Sputnik-Light,Janssen - Ad26.COV 2-S,Pfizer BioNTech - Comirnaty,SII - Covishield,Sinovac - CoronaVac",11/25/2020,8,1916136,26.337
Malaysia,MYS,WPRO,Asian,REPORTING,10/22/2022,72171320,28107427,222.985,86.842,27516882,85.018,"AstraZeneca - Vaxzevria,Beijing CNBG - BBIBP-CorV,CanSino - Convidecia,Gamaleya - Gam-Covid-Vac,Janssen - Ad26.COV 2-S,Moderna - Spikevax,Pfizer BioNTech - Comirnaty,Sinovac - CoronaVac",2/24/2021,8,16248014,50.201
Marshall Islands,MHL,WPRO,Asian,REPORTING,9/26/2022,103067,43458,174.117,73.416,36633,61.886,"Janssen - Ad26.COV 2-S,Moderna - Spikevax,Pfizer BioNTech - Comirnaty",12/29/2020,3,18559,31.353
Micronesia (Federated States of),FSM,WPRO,Asian,REPORTING,8/20/2022,170346,70204,148.097,61.035,66174,57.531,"AstraZeneca - Vaxzevria,Janssen - Ad26.COV 2-S,Moderna - Spikevax,Pfizer BioNTech - Comirnaty",1/13/2021,4,30537,26.549
Mongolia,MNG,WPRO,Asian,REPORTING,10/21/2022,5661358,2283182,172.692,69.646,2183781,66.613,"AstraZeneca - Vaxzevria,Beijing CNBG - BBIBP-CorV,Gamaleya - Gam-Covid-Vac,Moderna - Spikevax,Pfizer BioNTech - Comirnaty,SII - Covishield",2/23/2021,6,1055320,32.191
Nauru,NRU,WPRO,Asian,REPORTING,7/11/2022,24143,10493,222.845,96.853,8585,79.241,"AstraZeneca - Vaxzevria,SII - Covishield",4/9/2021,2,5065,46.751
New Caledonia,NCL,WPRO,Asian,REPORTING,9/26/2022,469252,191568,164.363,67.1,184013,64.453,"Janssen - Ad26.COV 2-S,Pfizer BioNTech - Comirnaty",1/20/2021,2,93671,32.81
New Zealand,NZL,WPRO,Asian,REPORTING,10/28/2022,11835929,4254180,245.445,88.22,4094262,84.904,"AstraZeneca - Vaxzevria,Janssen - Ad26.COV 2-S,Novavax-NUVAXOVID,Pfizer BioNTech - Comirnaty",2/19/2021,4,2710756,56.214
Niue,NIU,WPRO,Asian,REPORTING,8/2/2022,4180,1650,258.344,101.978,1436,88.752,Pfizer BioNTech - Comirnaty,6/8/2021,1,1094,67.614
Northern Mariana Islands (Commonwealth of the),MNP,WPRO,Asian,REPORTING,9/19/2022,115886,46340,201.341,80.511,45046,78.263,"Janssen - Ad26.COV 2-S,Moderna - Spikevax,Pfizer BioNTech - Comirnaty",12/19/2020,3,24500,42.566
Palau,PLW,WPRO,Asian,REPORTING,9/6/2022,50160,20094,277.25,111.066,18403,101.719,"Janssen - Ad26.COV 2-S,Moderna - Spikevax,Pfizer BioNTech - Comirnaty",1/3/2021,3,12856,71.059
Papua New Guinea,PNG,WPRO,Asian,REPORTING,10/30/2022,494272,359043,5.524,4.013,299124,3.343,"AstraZeneca - Vaxzevria,Beijing CNBG - BBIBP-CorV,Janssen - Ad26.COV 2-S,SII - Covishield",3/30/2021,4,29053,0.325
Philippines,PHL,WPRO,Asian,REPORTING,10/27/2022,167964363,78042080,153.279,71.219,73524190,67.096,"AstraZeneca - Vaxzevria,Beijing CNBG - BBIBP-CorV,Bharat - Covaxin,Gamaleya - Gam-Covid-Vac,Gamaleya - Sputnik-Light,Janssen - Ad26.COV 2-S,Julphar - Hayat-Vax,Moderna - Spikevax,Novavax-NUVAXOVID,Pfizer BioNTech - Comirnaty,Sinovac - CoronaVac",3/1/2021,11,20561136,18.763
Pitcairn Islands,PCN,WPRO,Asian,REPORTING,2/28/2022,138,55,276,110,37,74,AstraZeneca - Vaxzevria,5/17/2021,1,23,46
Republic of Korea,KOR,WPRO,Asian,REPORTING,9/30/2022,130834289,45113628,255.191,87.994,44678807,87.146,"AstraZeneca - Vaxzevria,Janssen - Ad26.COV 2-S,Moderna - Spikevax,Novavax-NUVAXOVID,Pfizer BioNTech - Comirnaty",2/26/2021,5,33600655,65.538
Samoa,WSM,WPRO,Asian,REPORTING,9/26/2022,440413,191071,221.967,96.299,177489,89.454,"AstraZeneca - Vaxzevria,Pfizer BioNTech - Comirnaty",4/18/2021,2,71853,36.214
Singapore,SGP,WPRO,Asian,REPORTING,9/28/2022,14695435,5161367,251.189,88.223,5120432,87.524,"AstraZeneca - Vaxzevria,Beijing CNBG - BBIBP-CorV,Moderna - Spikevax,Pfizer BioNTech - Comirnaty",12/30/2020,4,4413636,75.442
Viet Nam,VNM,WPRO,Asian,REPORTING,10/27/2022,261694006,90063216,268.849,92.526,84448184,86.757,"AstraZeneca - Vaxzevria,Beijing CNBG - BBIBP-CorV,CIGB - CIGB-66,Gamaleya - Gam-Covid-Vac,Moderna - Spikevax,Pfizer BioNTech - Comirnaty",3/8/2021,6,56525745,58.071
Albania,ALB,EURO,Europe,REPORTING,10/23/2022,2996383,1339532,104.1,47.068,1266511,44.502,"AstraZeneca - Vaxzevria,Gamaleya - Gam-Covid-Vac,Pfizer BioNTech - Comirnaty,SII - Covishield,Sinovac - CoronaVac",1/13/2021,5,365389,12.839
Andorra,AND,EURO,Europe,REPORTING,10/16/2022,154320,57898,199.7,76.005,53482,70.208,"AstraZeneca - Vaxzevria,Moderna - Spikevax,Pfizer BioNTech - Comirnaty",1/20/2021,3,42940,56.369
Armenia,ARM,EURO,Europe,REPORTING,5/22/2022,2150112,1129669,72.6,38.123,985807,33.268,"AstraZeneca - Vaxzevria,Beijing CNBG - BBIBP-CorV,Gamaleya - Gam-Covid-Vac,Gamaleya - Sputnik-Light,Moderna - Spikevax,Pfizer BioNTech - Comirnaty,Sinovac - CoronaVac,Wuhan CNBG - Inactivated",6/16/2021,8,40725,1.374
Austria,AUT,EURO,Europe,REPORTING,10/16/2022,19596170,6889593,220.2,77.507,6671600,74.953,"AstraZeneca - Vaxzevria,Janssen - Ad26.COV 2-S,Moderna - Spikevax,Novavax-NUVAXOVID,Pfizer BioNTech - Comirnaty,Unknown Vaccine",12/30/2020,6,5359031,60.207
Azerbaijan,AZE,EURO,Europe,REPORTING,10/30/2022,13772103,5413441,135.8,53.391,4875219,48.083,"AstraZeneca - Vaxzevria,Gamaleya - Gam-Covid-Vac,Gamaleya - Sputnik-Light,Pfizer BioNTech - Comirnaty,Sinovac - CoronaVac",1/20/2021,5,3483445,34.356
Belarus,BLR,EURO,Europe,REPORTING,10/16/2022,16102869,6512843,170.4,68.924,6407148,67.805,"Beijing CNBG - BBIBP-CorV,Chumakov - Covi-Vac,Gamaleya - Gam-Covid-Vac,Gamaleya - Sputnik-Light",2/3/2021,4,3414776,36.138
Belgium,BEL,EURO,Europe,REPORTING,10/16/2022,28259334,9248836,245.3,80.268,9152369,79.431,"AstraZeneca - Vaxzevria,Janssen - Ad26.COV 2-S,Moderna - Spikevax,Pfizer BioNTech - Comirnaty",12/30/2020,4,7222211,62.68
Bosnia and Herzegovina,BIH,EURO,Europe,REPORTING,1/29/2022,1924950,943394,58.7,28.755,846080,25.789,"AstraZeneca - AZD1222, Pfizer BioNTech - Comirnaty, Sinovac - CoronaVac, Gamaleya - Sputnik V",,4,,
Bulgaria,BGR,EURO,Europe,REPORTING,10/16/2022,4566807,2103303,65.7,30.257,2074596,29.844,"AstraZeneca - Vaxzevria,Janssen - Ad26.COV 2-S,Moderna - Spikevax,Pfizer BioNTech - Comirnaty",12/30/2020,4,814226,11.713
Croatia,HRV,EURO,Europe,REPORTING,10/16/2022,5356347,2317443,132,57.14,2244157,55.3,"AstraZeneca - Vaxzevria,Janssen - Ad26.COV 2-S,Moderna - Spikevax,Novavax-NUVAXOVID,Pfizer BioNTech - Comirnaty,Unknown Vaccine",12/23/2020,6,954118,23.511
Cyprus,CYP,EURO,Europe,REPORTING,10/16/2022,1824911,667243,205.5,75.14,655639,73.833,"AstraZeneca - Vaxzevria,Janssen - Ad26.COV 2-S,Moderna - Spikevax,Novavax-NUVAXOVID,Pfizer BioNTech - Comirnaty",12/23/2020,5,485225,54.642
Czechia,CZE,EURO,Europe,REPORTING,10/16/2022,18215235,6967841,170.3,65.157,6882776,64.361,"AstraZeneca - Vaxzevria,Janssen - Ad26.COV 2-S,Moderna - Spikevax,Novavax-NUVAXOVID,Pfizer BioNTech - Comirnaty",12/23/2020,5,4330325,40.493
Denmark,DNK,EURO,Europe,REPORTING,10/16/2022,13189213,4808729,226.5,82.585,4771093,81.939,"AstraZeneca - Vaxzevria,Janssen - Ad26.COV 2-S,Moderna - Spikevax,Pfizer BioNTech - Comirnaty,Unknown Vaccine",12/16/2020,5,3655731,62.783
Estonia,EST,EURO,Europe,REPORTING,10/16/2022,2152705,844142,162,63.518,834837,62.818,"AstraZeneca - Vaxzevria,Janssen - Ad26.COV 2-S,Moderna - Spikevax,Novavax-NUVAXOVID,Pfizer BioNTech - Comirnaty",12/23/2020,5,481619,36.24
Faroe Islands,FRO,EURO,Europe,OWID,2/18/2022,103894,41715,212.614,85.368,40895,83.69,"Moderna - mRNA-1273, Pfizer BioNTech - Comirnaty",,2,21284,43.557
Finland,FIN,EURO,Europe,REPORTING,10/16/2022,12916648,4542768,233.8,82.218,4358358,78.88,"AstraZeneca - Vaxzevria,Janssen - Ad26.COV 2-S,Moderna - Spikevax,Pfizer BioNTech - Comirnaty,Unknown Vaccine",12/23/2020,5,3055298,55.297
France,FRA,EURO,Europe,REPORTING,10/16/2022,153069144,53664707,227.4,79.716,52157654,77.477,"AstraZeneca - Vaxzevria,Janssen - Ad26.COV 2-S,Moderna - Spikevax,Novavax-NUVAXOVID,Pfizer BioNTech - Comirnaty,Unknown Vaccine",12/30/2020,6,40710314,60.473
Georgia,GEO,EURO,Europe,REPORTING,10/16/2022,2722928,1294396,68.3,32.448,1180078,29.582,"AstraZeneca - Vaxzevria,Beijing CNBG - BBIBP-CorV,Pfizer BioNTech - Comirnaty,Sinovac - CoronaVac",3/17/2021,4,248454,6.228
Germany,DEU,EURO,Europe,REPORTING,10/16/2022,186739714,64797946,224.5,77.913,64887422,78.021,"AstraZeneca - Vaxzevria,Janssen - Ad26.COV 2-S,Moderna - Spikevax,Novavax-NUVAXOVID,Pfizer BioNTech - Comirnaty,Unknown Vaccine",12/23/2020,6,51811037,62.298
Gibraltar,GIB,EURO,Europe,OWID,4/21/2022,119855,42074,355.748,124.882,41421,122.944,"AstraZeneca - AZD1222, Pfizer BioNTech - Comirnaty",,2,36360,107.922
Greece,GRC,EURO,Europe,REPORTING,10/16/2022,21583328,7910910,201.4,73.806,7735464,72.169,"AstraZeneca - Vaxzevria,Janssen - Ad26.COV 2-S,Moderna - Spikevax,Novavax-NUVAXOVID,Pfizer BioNTech - Comirnaty",12/23/2020,5,5876425,54.825
Greenland,GRL,EURO,Europe,OWID,3/7/2022,79745,41243,140.465,72.647,38502,67.819,Moderna - mRNA-1273,,1,,
Guernsey,GGY,EURO,Europe,OWID,7/12/2022,157708,,244.63,,,,"Moderna - mRNA-1273, AstraZeneca - AZD1222, Pfizer BioNTech - Comirnaty",,3,,
Hungary,HUN,EURO,Europe,REPORTING,10/16/2022,16490460,6354545,168.8,65.045,6148113,62.932,"AstraZeneca - Vaxzevria,Beijing CNBG - BBIBP-CorV,Gamaleya - Gam-Covid-Vac,Janssen - Ad26.COV 2-S,Moderna - Spikevax,Pfizer BioNTech - Comirnaty,Sinovac - CoronaVac",12/23/2020,7,3861064,39.522
Iceland,ISL,EURO,Europe,REPORTING,10/9/2022,851665,307089,233.9,84.335,297677,81.749,"AstraZeneca - Vaxzevria,Janssen - Ad26.COV 2-S,Moderna - Spikevax,Pfizer BioNTech - Comirnaty",12/30/2020,4,253289,69.559
Ireland,IRL,EURO,Europe,REPORTING,10/9/2022,11663862,4040268,234.9,83.929,4005217,80.678,"AstraZeneca - Vaxzevria,Janssen - Ad26.COV 2-S,Moderna - Spikevax,Novavax-NUVAXOVID,Pfizer BioNTech - Comirnaty",12/30/2020,5,3025769,60.949
Isle of Man,IMN,EURO,Europe,OWID,6/23/2022,189994,69560,223.438,81.804,67106,78.919,"Moderna - mRNA-1273, AstraZeneca - AZD1222, Pfizer BioNTech - Comirnaty",,3,53328,62.715
Israel,ISR,EURO,Europe,REPORTING,6/5/2022,15026951,7055466,173.6,81.514,6385731,73.776,"AstraZeneca - Vaxzevria,Moderna - Spikevax,Pfizer BioNTech - Comirnaty",12/16/2020,3,1585754,18.321
Italy,ITA,EURO,Europe,REPORTING,10/16/2022,140212718,50437198,235.1,84.572,47513380,79.665,"AstraZeneca - Vaxzevria,Janssen - Ad26.COV 2-S,Moderna - Spikevax,Novavax-NUVAXOVID,Pfizer BioNTech - Comirnaty",12/23/2020,5,42670045,71.544
Jersey,JEY,EURO,Europe,OWID,10/30/2022,257209,84187,238.607,78.098,81635,75.731,"Moderna - mRNA-1273, AstraZeneca - AZD1222, Pfizer BioNTech - Comirnaty",,3,73464,68.151
Kazakhstan,KAZ,EURO,Europe,REPORTING,10/30/2022,33131977,12354337,176.5,65.796,13013295,69.306,"Beijing CNBG - BBIBP-CorV,Gamaleya - Gam-Covid-Vac,Pfizer BioNTech - Comirnaty,RIBSP - QazVac,Sinovac - CoronaVac",4/7/2021,5,6588702,35.09
Kosovo,XKX,EURO,Europe,REPORTING,10/23/2022,1836162,904372,102.3,50.364,824562,45.92,"AstraZeneca - Vaxzevria,Pfizer BioNTech - Comirnaty",3/31/2021,2,105424,5.871
Kyrgyzstan,KGZ,EURO,Europe,REPORTING,10/30/2022,3014560,1475483,46.2,22.616,1305692,20.013,"AstraZeneca - Vaxzevria,Beijing CNBG - BBIBP-CorV,Gamaleya - Gam-Covid-Vac,Moderna - Spikevax,Pfizer BioNTech - Comirnaty,RIBSP - QazVac",3/31/2021,6,233385,3.577
Latvia,LVA,EURO,Europe,REPORTING,9/18/2022,2847648,1303023,149.3,68.304,1271589,66.656,"AstraZeneca - Vaxzevria,Janssen - Ad26.COV 2-S,Moderna - Spikevax,Novavax-NUVAXOVID,Pfizer BioNTech - Comirnaty",12/30/2020,5,541299,28.375
Lithuania,LTU,EURO,Europe,REPORTING,10/16/2022,4495684,1954870,160.9,70.118,1905239,68.188,"AstraZeneca - Vaxzevria,Janssen - Ad26.COV 2-S,Moderna - Spikevax,Pfizer BioNTech - Comirnaty,Unknown Vaccine",12/23/2020,5,897820,32.133
Luxembourg,LUX,EURO,Europe,REPORTING,10/16/2022,1318917,469322,210.7,74.959,462706,73.902,"AstraZeneca - Vaxzevria,Janssen - Ad26.COV 2-S,Moderna - Spikevax,Novavax-NUVAXOVID,Pfizer BioNTech - Comirnaty",12/30/2020,5,367245,58.655
Malta,MLT,EURO,Europe,REPORTING,10/2/2022,1273626,450426,247.5,87.535,444814,86.445,"AstraZeneca - Vaxzevria,Janssen - Ad26.COV 2-S,Moderna - Spikevax,Pfizer BioNTech - Comirnaty",12/23/2020,4,352052,68.418
Monaco,MCO,EURO,Europe,REPORTING,9/4/2022,69256,25233,176.5,64.298,24840,63.296,"AstraZeneca - Vaxzevria,Janssen - Ad26.COV 2-S,Moderna - Spikevax,Novavax - Covavax,Novavax-NUVAXOVID,Pfizer BioNTech - Comirnaty",6/30/2021,6,17621,44.901
Montenegro,MNE,EURO,Europe,REPORTING,10/30/2022,526934,272598,83.9,43.835,254336,40.898,"AstraZeneca - Vaxzevria,Beijing CNBG - BBIBP-CorV,Gamaleya - Gam-Covid-Vac,Pfizer BioNTech - Comirnaty,Unknown Vaccine",2/24/2021,5,0,0
Netherlands,NLD,EURO,Europe,REPORTING,9/11/2022,36105753,12776868,207.4,73.398,11957152,68.689,"AstraZeneca - Vaxzevria,Janssen - Ad26.COV 2-S,Moderna - Spikevax,Novavax-NUVAXOVID,Pfizer BioNTech - Comirnaty,Unknown Vaccine",1/6/2021,6,9417108,54.098
North Macedonia,MKD,EURO,Europe,REPORTING,10/16/2022,1862061,854351,89.4,41.149,837946,40.359,"AstraZeneca - Vaxzevria,Beijing CNBG - BBIBP-CorV,Gamaleya - Gam-Covid-Vac,Moderna - Spikevax,Pfizer BioNTech - Comirnaty,Sinovac - CoronaVac,Wuhan CNBG - Inactivated",2/17/2021,7,161373,7.772
Norway,NOR,EURO,Europe,REPORTING,10/16/2022,11881760,4344292,221.4,80.936,4058588,75.613,"AstraZeneca - Vaxzevria,Janssen - Ad26.COV 2-S,Moderna - Spikevax,Pfizer BioNTech - Comirnaty",12/23/2020,4,2991787,55.738
Poland,POL,EURO,Europe,REPORTING,10/16/2022,57383999,22901670,151.2,60.334,22625720,59.607,"AstraZeneca - Vaxzevria,Janssen - Ad26.COV 2-S,Moderna - Spikevax,Novavax-NUVAXOVID,Pfizer BioNTech - Comirnaty",12/23/2020,5,12426877,32.738
Portugal,PRT,EURO,Europe,REPORTING,10/16/2022,25658974,9760014,249.2,94.891,8873102,86.181,"AstraZeneca - Vaxzevria,Beijing CNBG - BBIBP-CorV,Bharat - Covaxin,Janssen - Ad26.COV 2-S,Moderna - Spikevax,Novavax-NUVAXOVID,Pfizer BioNTech - Comirnaty,Sinovac - CoronaVac",12/23/2020,8,6946902,67.472
Republic of Moldova,MDA,EURO,Europe,REPORTING,9/18/2022,2241785,1101302,55.6,27.301,1071341,26.558,"AstraZeneca - Vaxzevria,Beijing CNBG - BBIBP-CorV,Gamaleya - Gam-Covid-Vac,Janssen - Ad26.COV 2-S,Moderna - Spikevax,Pfizer BioNTech - Comirnaty,Sinovac - CoronaVac",3/3/2021,7,370563,9.186
Romania,ROU,EURO,Europe,REPORTING,10/16/2022,16083871,8183574,83.2,42.339,8136562,42.095,"AstraZeneca - Vaxzevria,Janssen - Ad26.COV 2-S,Moderna - Spikevax,Pfizer BioNTech - Comirnaty",1/27/2021,4,1761712,9.114
Russian Federation,RUS,EURO,Europe,OWID,10/31/2022,180177841,85809997,123.5,58.8,77439470,53.065,"SRCVB - EpiVacCorona, Gamaleya - Sputnik V",,2,,
San Marino,SMR,EURO,Europe,REPORTING,5/22/2022,69338,26357,204.3,76.501,23633,68.595,"Gamaleya - Gam-Covid-Vac,Pfizer BioNTech - Comirnaty",2/24/2021,2,19348,56.158
Serbia,SRB,EURO,Europe,REPORTING,9/4/2022,6717622,3396340,97,49.033,3321282,47.949,"AstraZeneca - Vaxzevria,Beijing CNBG - BBIBP-CorV,Gamaleya - Gam-Covid-Vac,Moderna - Spikevax,Pfizer BioNTech - Comirnaty",12/23/2020,5,0,0
Slovakia,SVK,EURO,Europe,REPORTING,10/16/2022,7176980,2838635,131.5,52.01,2790217,51.123,"AstraZeneca - Vaxzevria,Gamaleya - Gam-Covid-Vac,Janssen - Ad26.COV 2-S,Moderna - Spikevax,Novavax-NUVAXOVID,Pfizer BioNTech - Comirnaty",1/6/2021,6,1683402,30.844
Slovenia,SVN,EURO,Europe,REPORTING,10/16/2022,2999524,1233013,143.1,58.831,1202504,57.375,"AstraZeneca - Vaxzevria,Janssen - Ad26.COV 2-S,Moderna - Spikevax,Novavax-NUVAXOVID,Pfizer BioNTech - Comirnaty",12/23/2020,5,654976,31.251
Spain,ESP,EURO,Europe,REPORTING,10/16/2022,103064170,41287568,217.7,87.229,37488975,79.203,"AstraZeneca - Vaxzevria,Janssen - Ad26.COV 2-S,Moderna - Spikevax,Pfizer BioNTech - Comirnaty",12/30/2020,4,26001927,54.934
Sweden,SWE,EURO,Europe,REPORTING,10/16/2022,22750237,7504601,220.3,72.666,7366812,71.331,"AstraZeneca - Vaxzevria,Moderna - Spikevax,Novavax-NUVAXOVID,Pfizer BioNTech - Comirnaty,Unknown Vaccine",12/23/2020,5,5525594,53.503
Switzerland,CHE,EURO,Europe,REPORTING,10/23/2022,16085511,6093594,185.9,70.806,5718917,66.452,"Janssen - Ad26.COV 2-S,Moderna - Spikevax,Novavax-NUVAXOVID,Pfizer BioNTech - Comirnaty",12/23/2020,4,4332830,50.346
Tajikistan,TJK,EURO,Europe,REPORTING,8/21/2022,15441380,5282863,161.9,55.39,5120562,53.688,"AstraZeneca - Vaxzevria,Gamaleya - Gam-Covid-Vac,Moderna - Spikevax,Pfizer BioNTech - Comirnaty,SII - Covishield,Sinovac - CoronaVac",3/24/2021,6,4951036,51.91
The United Kingdom,GBR,EURO,Europe,REPORTING,9/11/2022,151248820,53813491,222.8,79.068,50762968,74.586,"AstraZeneca - Vaxzevria,Moderna - Spikevax,Pfizer BioNTech - Comirnaty",12/21/2020,3,,
Turkey,TUR,EURO,Europe,OWID,11/1/2022,152465212,57936171,,69.673,53171054,63.942,"Pfizer BioNTech - Comirnaty, Sinovac - CoronaVac, Turkovac",,3,,
Turkmenistan,TKM,EURO,Europe,REPORTING,9/4/2022,13514000,3728000,224.1,61.812,3689000,61.165,"Anhui ZL - Zifivax,AstraZeneca - Vaxzevria,Beijing CNBG - BBIBP-CorV,Gamaleya - Gam-Covid-Vac,RIBSP - QazVac,SRCVB - EpiVacCorona,Unknown Vaccine",2/24/2021,7,3340000,55.379
Ukraine,UKR,EURO,Europe,REPORTING,2/27/2022,31668577,15774300,72.4,36.069,15153577,34.65,"AstraZeneca - Vaxzevria,Janssen - Ad26.COV 2-S,Moderna - Spikevax,Pfizer BioNTech - Comirnaty,SII - Covishield,Sinovac - CoronaVac",2/24/2021,6,741197,1.695
Uzbekistan,UZB,EURO,Europe,REPORTING,10/30/2022,70696770,21247096,211.2,63.483,17529078,52.374,"Anhui ZL - Zifivax,Gamaleya - Gam-Covid-Vac,Gamaleya - Sputnik-Light,Moderna - Spikevax,Pfizer BioNTech - Comirnaty,SII - Covishield,Sinovac - CoronaVac,Unknown Vaccine",4/28/2021,8,14528732,43.409
Liechtenstein,LIE,OTHER,Europe,REPORTING,4/10/2022,71104,26681,183.5,68.86,26346,67.995,"Janssen - Ad26.COV 2-S,Moderna - Spikevax,Pfizer BioNTech - Comirnaty",1/6/2021,3,18310,47.255
Australia,AUS,WPRO,Europe,REPORTING,9/28/2022,63461493,22443557,248.87,88.014,21784904,85.431,"AstraZeneca - Vaxzevria,Janssen - Ad26.COV 2-S,Moderna - Spikevax,Novavax-NUVAXOVID,Pfizer BioNTech - Comirnaty",2/21/2021,5,14265648,55.944
Solomon Islands,SLB,WPRO,Europe,REPORTING,10/23/2022,546180,317229,79.516,46.184,215161,31.324,"AstraZeneca - Vaxzevria,Beijing CNBG - BBIBP-CorV,Pfizer BioNTech - Comirnaty,SII - Covishield",3/23/2021,4,16391,2.386
Tokelau,TKL,WPRO,Europe,REPORTING,9/5/2022,4924,1494,364.741,110.667,1494,110.667,Pfizer BioNTech - Comirnaty,7/20/2021,1,968,71.704
Tonga,TON,WPRO,Europe,REPORTING,10/28/2022,203117,87198,192.173,82.5,76825,72.686,"AstraZeneca - Vaxzevria,Pfizer BioNTech - Comirnaty",4/14/2021,2,38137,36.082
Tuvalu,TUV,WPRO,Europe,REPORTING,8/31/2022,25591,9603,217.02,81.437,9322,79.054,AstraZeneca - Vaxzevria,4/13/2021,1,5528,46.879
Vanuatu,VUT,WPRO,Europe,REPORTING,8/28/2022,292146,144290,95.117,46.978,131300,42.749,"AstraZeneca - Vaxzevria,Beijing CNBG - BBIBP-CorV,Janssen - Ad26.COV 2-S",6/2/2021,3,16556,5.39
Wallis and Futuna,WLF,WPRO,Europe,REPORTING,7/26/2022,16782,6592,149.226,58.616,6989,62.147,Moderna - Spikevax,3/19/2021,1,3201,28.463
